texte_brut,categorie_causale,sous_categorie,date_creation,statut,delai_reponse_jours
"Bonjour, j'ai fait un seul transfert de 270000 F mais je vois deux débits identiques sur mon relevé du 2026-06-23. C'est une erreur de votre système.","Double débit / débit erroné","montant incorrect","2026-06-23","nouveau",""
"Quelqu'un a réussi à faire des transactions sur mon compte sans mon accord pour un total de 429000 F, je n'ai communiqué mon code à personne.","Fraude / hameçonnage","SIM swap","2026-04-30","resolu","19"
"Je suis allé chez l'agent pour un dépôt de 352000 F, il a pris l'argent mais mon compte n'a jamais été crédité, il ne répond plus au téléphone.","Litige agent Mobile Money","agent insolvable","2026-04-11","resolu","7"
"On m'a prélevé 91000 FCFA DEUX FOIS pour le même paiement de facture ce matin à Bafoussam. Je veux le remboursement du deuxième débit svp.","Double débit / débit erroné","double prélèvement","2026-05-19","nouveau",""
"Bonjour, j'ai envoyé 90000 FCFA à mon frère via Orange Money depuis Dschang hier soir mais l'argent n'est jamais arrivé chez lui. Mon compte a été débité. Merci de vérifier.","Transaction Mobile Money échouée","débit sans crédit","2026-07-02","en_cours",""
"Le transfert que j'ai initié devait aller vers mon compte épargne mais je constate que c'est un autre compte qui a été crédité de 153000 F.","Erreur de destinataire","transfert vers tiers","2026-05-17","nouveau",""
"Les frais de retrait chez l'agent Orange Money à Garoua sont plus élevés que ce qui est affiché normalement. On m'a pris 3645 F de trop.","Frais non justifiés","frais de retrait abusifs","2026-05-16","en_cours",""
"Bonjour, j'ai envoyé 416000 FCFA à mon frère via Orange Money depuis Kribi hier soir mais l'argent n'est jamais arrivé chez lui. Mon compte a été débité. Merci de vérifier.","Transaction Mobile Money échouée","débit sans crédit","2026-07-08","en_cours",""
"Ma carte SIM a arrêté de fonctionner d'un coup et quelques heures après il y a eu un retrait de 11000 FCFA que je n'ai pas fait. Je pense à une fraude.","Fraude / hameçonnage","SIM swap","2026-03-29","en_cours",""
"Depuis la mise à jour de mes informations mon compte est suspendu, je ne peux plus rien faire, ni retrait ni transfert.","Compte bloqué / KYC","pièce d'identité rejetée","2026-03-27","en_cours",""
"J'ai déposé ma CNI pour vérification KYC mais on me dit que le document est refusé sans explication claire, mon compte reste bloqué à Yaoundé.","Compte bloqué / KYC","blocage après contrôle","2026-07-16","resolu","36"
"Bonjour, j'ai une question générale sur les nouveaux tarifs annoncés à Yaoundé, pouvez-vous m'expliquer les changements ?","Autre / non catégorisé","","2026-06-03","resolu","32"
"Svp j'ai reçu 65000 FCFA sur mon compte la banque qui ne m'appartient pas, ce n'est pas pour moi, comment je peux le renvoyer à l'expéditeur ?","Erreur de destinataire","transfert vers tiers","2026-05-14","nouveau",""
"L'application a planté au moment où je validais mon transfert de 238000 FCFA, je ne sais pas si la transaction est passée ou non.","Panne / indisponibilité technique","service indisponible","2026-05-30","en_cours",""
"Je suis allé chez l'agent pour un dépôt de 325000 F, il a pris l'argent mais mon compte n'a jamais été crédité, il ne répond plus au téléphone.","Litige agent Mobile Money","agent insolvable","2026-06-20","resolu","12"
"L'application a planté au moment où je validais mon transfert de 411000 FCFA, je ne sais pas si la transaction est passée ou non.","Panne / indisponibilité technique","service indisponible","2026-06-08","nouveau",""
"L'agent m'a demandé des frais supplémentaires non prévus pour un simple retrait, 1432 FCFA de plus que le tarif normal.","Litige agent Mobile Money","sur-facturation","2026-05-19","resolu","9"
"Quelqu'un a réussi à faire des transactions sur mon compte sans mon accord pour un total de 287000 F, je n'ai communiqué mon code à personne.","Fraude / hameçonnage","SIM swap","2026-07-09","en_retard","82"
"Depuis le mois dernier je vois des frais mensuels sur mon compte que personne ne m'a jamais expliqués. Merci de clarifier ces prélèvements.","Frais non justifiés","frais cachés","2026-05-11","resolu","9"
"L'agent m'a demandé des frais supplémentaires non prévus pour un simple retrait, 1157 FCFA de plus que le tarif normal.","Litige agent Mobile Money","refus de service","2026-07-02","nouveau",""
"Je voudrais suggérer que l'application MTN Mobile Money affiche l'historique sur une plus longue période, c'est difficile de retrouver une transaction ancienne.","Autre / non catégorisé","","2026-03-23","resolu","40"
"Bonjour, j'ai fait un seul transfert de 84000 F mais je vois deux débits identiques sur mon relevé du 2026-04-02. C'est une erreur de votre système.","Double débit / débit erroné","double prélèvement","2026-04-02","resolu","7"
"Quelqu'un a réussi à faire des transactions sur mon compte sans mon accord pour un total de 120000 F, je n'ai communiqué mon code à personne.","Fraude / hameçonnage","SIM swap","2026-03-27","en_retard","73"
"Le transfert que j'ai initié devait aller vers mon compte épargne mais je constate que c'est un autre compte qui a été crédité de 293000 F.","Erreur de destinataire","transfert vers tiers","2026-04-11","nouveau",""
"Le service Orange Money est indisponible depuis ce matin à Bafoussam, impossible de faire un retrait ni de consulter mon solde.","Panne / indisponibilité technique","service indisponible","2026-05-06","nouveau",""
"Bonjour, j'ai fait un seul transfert de 98000 F mais je vois deux débits identiques sur mon relevé du 2026-03-26. C'est une erreur de votre système.","Double débit / débit erroné","montant incorrect","2026-03-26","resolu","24"
"Cela fait 65 jours que j'attends une réponse finale à ma réclamation numéro précédente, c'est beaucoup trop long.","Délai de traitement excessif","réponse non reçue sous 45 jours","2026-08-13","resolu","37"
"Je n'arrive pas à me connecter à mon compte en ligne depuis le changement de mot de passe, pouvez-vous m'aider ?","Autre / non catégorisé","","2026-08-12","nouveau",""
"Le service MTN Mobile Money est indisponible depuis ce matin à Ebolowa, impossible de faire un retrait ni de consulter mon solde.","Panne / indisponibilité technique","service indisponible","2026-05-13","nouveau",""
"Mon compte MTN Mobile Money est bloqué depuis 15 jours après un contrôle, j'ai déjà envoyé ma pièce d'identité mais rien ne bouge. C'est urgent, j'ai besoin de mon argent.","Compte bloqué / KYC","blocage après contrôle","2026-04-24","resolu","3"
"Cela fait 77 jours que j'attends une réponse finale à ma réclamation numéro précédente, c'est beaucoup trop long.","Délai de traitement excessif","réponse non reçue sous 45 jours","2026-07-19","nouveau",""
"Le transfert que j'ai initié devait aller vers mon compte épargne mais je constate que c'est un autre compte qui a été crédité de 106000 F.","Erreur de destinataire","transfert vers tiers","2026-05-29","en_cours",""
"USSD ne répond plus depuis hier, message ""service momentanément indisponible"" à chaque tentative de transaction.","Panne / indisponibilité technique","appli plantée pendant transaction","2026-08-09","en_retard","61"
"Svp j'ai reçu 114000 FCFA sur mon compte la banque qui ne m'appartient pas, ce n'est pas pour moi, comment je peux le renvoyer à l'expéditeur ?","Erreur de destinataire","mauvais numéro crédité","2026-08-10","nouveau",""
"Je suis allé chez l'agent pour un dépôt de 62000 F, il a pris l'argent mais mon compte n'a jamais été crédité, il ne répond plus au téléphone.","Litige agent Mobile Money","sur-facturation","2026-05-24","nouveau",""
"Je constate que le montant débité (212675 FCFA) ne correspond pas au montant que j'ai validé (210000 FCFA) sur l'application.","Double débit / débit erroné","double prélèvement","2026-07-03","nouveau",""
"Je constate que le montant débité (193555 FCFA) ne correspond pas au montant que j'ai validé (193000 FCFA) sur l'application.","Double débit / débit erroné","montant incorrect","2026-08-13","nouveau",""
"Bonjour, j'ai fait un seul transfert de 286000 F mais je vois deux débits identiques sur mon relevé du 2026-04-27. C'est une erreur de votre système.","Double débit / débit erroné","montant incorrect","2026-04-27","en_cours",""
"Je viens signaler que le transfert de 172000 F que j'ai fait ce matin est resté bloqué en attente depuis plus de 6h, le bénéficiaire n'a rien reçu.","Transaction Mobile Money échouée","débit sans crédit","2026-06-28","resolu","36"
"Ma carte SIM a arrêté de fonctionner d'un coup et quelques heures après il y a eu un retrait de 15000 FCFA que je n'ai pas fait. Je pense à une fraude.","Fraude / hameçonnage","code PIN compromis","2026-05-21","nouveau",""
"Bonjour, j'ai envoyé 365000 FCFA à mon frère via la banque depuis Limbe hier soir mais l'argent n'est jamais arrivé chez lui. Mon compte a été débité. Merci de vérifier.","Transaction Mobile Money échouée","transfert bloqué","2026-07-31","nouveau",""
"Ma transaction la banque de 143000 FCFA a échoué avec message d'erreur mais le montant a disparu de mon compte quand même. Je veux comprendre.","Transaction Mobile Money échouée","débit sans crédit","2026-08-03","resolu","14"
"Pourquoi on m'a prélevé des frais de 2974 FCFA que je ne comprends pas sur mon compte, aucune explication n'a été donnée.","Frais non justifiés","frais de retrait abusifs","2026-07-03","en_cours",""
"Ma carte SIM a arrêté de fonctionner d'un coup et quelques heures après il y a eu un retrait de 250000 FCFA que je n'ai pas fait. Je pense à une fraude.","Fraude / hameçonnage","faux agent","2026-06-22","en_cours",""
"Je voudrais suggérer que l'application MTN Mobile Money affiche l'historique sur une plus longue période, c'est difficile de retrouver une transaction ancienne.","Autre / non catégorisé","","2026-06-02","resolu","11"
"Je suis allé chez l'agent pour un dépôt de 55000 F, il a pris l'argent mais mon compte n'a jamais été crédité, il ne répond plus au téléphone.","Litige agent Mobile Money","refus de service","2026-07-19","resolu","28"
"J'ai fait une réclamation il y a plus de deux mois pour mon transfert bloqué de 120000 FCFA et je n'ai toujours reçu aucune réponse.","Délai de traitement excessif","réponse non reçue sous 45 jours","2026-06-12","en_cours",""
"L'agent m'a demandé des frais supplémentaires non prévus pour un simple retrait, 1763 FCFA de plus que le tarif normal.","Litige agent Mobile Money","refus de service","2026-05-04","nouveau",""
"On m'a prélevé 376000 FCFA DEUX FOIS pour le même paiement de facture ce matin à Ngaoundéré. Je veux le remboursement du deuxième débit svp.","Double débit / débit erroné","double prélèvement","2026-08-01","nouveau",""
"Je constate que le montant débité (97507 FCFA) ne correspond pas au montant que j'ai validé (94000 FCFA) sur l'application.","Double débit / débit erroné","montant incorrect","2026-07-14","en_cours",""
"On m'a appelé en se faisant passer pour un agent Orange Money et j'ai reçu un message demandant mon code secret, j'ai peur qu'on ait vidé mon compte à Yaoundé.","Fraude / hameçonnage","faux agent","2026-04-19","en_cours",""
"On m'a prélevé 283000 FCFA DEUX FOIS pour le même paiement de facture ce matin à Ebolowa. Je veux le remboursement du deuxième débit svp.","Double débit / débit erroné","montant incorrect","2026-08-09","resolu","18"
"Ma carte SIM a arrêté de fonctionner d'un coup et quelques heures après il y a eu un retrait de 346000 FCFA que je n'ai pas fait. Je pense à une fraude.","Fraude / hameçonnage","SIM swap","2026-06-23","resolu","2"
"Ma carte SIM a arrêté de fonctionner d'un coup et quelques heures après il y a eu un retrait de 224000 FCFA que je n'ai pas fait. Je pense à une fraude.","Fraude / hameçonnage","SIM swap","2026-07-13","en_retard","81"
"Pourquoi on m'a prélevé des frais de 357 FCFA que je ne comprends pas sur mon compte, aucune explication n'a été donnée.","Frais non justifiés","frais cachés","2026-04-28","nouveau",""
"J'ai fait une réclamation il y a plus de deux mois pour mon transfert bloqué de 412000 FCFA et je n'ai toujours reçu aucune réponse.","Délai de traitement excessif","réponse non reçue sous 45 jours","2026-06-16","nouveau",""
"Pourquoi on m'a prélevé des frais de 899 FCFA que je ne comprends pas sur mon compte, aucune explication n'a été donnée.","Frais non justifiés","frais cachés","2026-06-14","resolu","41"
"L'agent Orange Money à Dschang a refusé de me faire mon retrait de 291000 FCFA en disant qu'il n'a pas de liquide, alors que c'est marqué agent actif.","Litige agent Mobile Money","sur-facturation","2026-07-15","en_cours",""
"On m'a prélevé 105000 FCFA DEUX FOIS pour le même paiement de facture ce matin à Yaoundé. Je veux le remboursement du deuxième débit svp.","Double débit / débit erroné","double prélèvement","2026-04-04","en_retard","67"
"Pourquoi on m'a prélevé des frais de 200 FCFA que je ne comprends pas sur mon compte, aucune explication n'a été donnée.","Frais non justifiés","frais cachés","2026-07-03","resolu","7"
"Je voudrais suggérer que l'application MTN Mobile Money affiche l'historique sur une plus longue période, c'est difficile de retrouver une transaction ancienne.","Autre / non catégorisé","","2026-06-21","en_retard","67"
"Bonjour, j'ai fait un seul transfert de 352000 F mais je vois deux débits identiques sur mon relevé du 2026-07-10. C'est une erreur de votre système.","Double débit / débit erroné","double prélèvement","2026-07-10","nouveau",""
"Quelqu'un a réussi à faire des transactions sur mon compte sans mon accord pour un total de 54000 F, je n'ai communiqué mon code à personne.","Fraude / hameçonnage","faux agent","2026-04-01","en_cours",""
"Depuis la mise à jour de mes informations mon compte est suspendu, je ne peux plus rien faire, ni retrait ni transfert.","Compte bloqué / KYC","pièce d'identité rejetée","2026-07-31","nouveau",""
"Mon compte Orange Money est bloqué depuis 8 jours après un contrôle, j'ai déjà envoyé ma pièce d'identité mais rien ne bouge. C'est urgent, j'ai besoin de mon argent.","Compte bloqué / KYC","pièce d'identité rejetée","2026-07-25","en_cours",""
"USSD ne répond plus depuis hier, message ""service momentanément indisponible"" à chaque tentative de transaction.","Panne / indisponibilité technique","service indisponible","2026-06-13","nouveau",""
"J'ai déposé ma CNI pour vérification KYC mais on me dit que le document est refusé sans explication claire, mon compte reste bloqué à Kribi.","Compte bloqué / KYC","blocage après contrôle","2026-05-23","nouveau",""
"Svp j'ai reçu 307000 FCFA sur mon compte Orange Money qui ne m'appartient pas, ce n'est pas pour moi, comment je peux le renvoyer à l'expéditeur ?","Erreur de destinataire","mauvais numéro crédité","2026-05-06","en_cours",""
"Depuis la mise à jour de mes informations mon compte est suspendu, je ne peux plus rien faire, ni retrait ni transfert.","Compte bloqué / KYC","pièce d'identité rejetée","2026-06-14","nouveau",""
"Depuis le mois dernier je vois des frais mensuels sur mon compte que personne ne m'a jamais expliqués. Merci de clarifier ces prélèvements.","Frais non justifiés","frais de retrait abusifs","2026-04-12","en_retard","52"
"Je viens signaler que le transfert de 221000 F que j'ai fait ce matin est resté bloqué en attente depuis plus de 6h, le bénéficiaire n'a rien reçu.","Transaction Mobile Money échouée","transfert bloqué","2026-05-27","en_cours",""
"Je suis allé chez l'agent pour un dépôt de 36000 F, il a pris l'argent mais mon compte n'a jamais été crédité, il ne répond plus au téléphone.","Litige agent Mobile Money","sur-facturation","2026-06-07","resolu","25"
"L'agent m'a demandé des frais supplémentaires non prévus pour un simple retrait, 1749 FCFA de plus que le tarif normal.","Litige agent Mobile Money","sur-facturation","2026-08-02","resolu","10"
"Cela fait 56 jours que j'attends une réponse finale à ma réclamation numéro précédente, c'est beaucoup trop long.","Délai de traitement excessif","réponse non reçue sous 45 jours","2026-04-05","resolu","37"
"Je viens signaler que le transfert de 205000 F que j'ai fait ce matin est resté bloqué en attente depuis plus de 6h, le bénéficiaire n'a rien reçu.","Transaction Mobile Money échouée","retrait agent refusé","2026-06-05","resolu","41"
"Pourquoi on m'a prélevé des frais de 1387 FCFA que je ne comprends pas sur mon compte, aucune explication n'a été donnée.","Frais non justifiés","frais cachés","2026-07-22","en_cours",""
"Les frais de retrait chez l'agent Orange Money à Bafoussam sont plus élevés que ce qui est affiché normalement. On m'a pris 3098 F de trop.","Frais non justifiés","frais de retrait abusifs","2026-05-30","resolu","40"
"Depuis mon dépôt de dossier le 2026-04-27 je n'ai eu aucune nouvelle de votre service réclamations concernant mon dossier.","Délai de traitement excessif","réponse non reçue sous 45 jours","2026-04-27","resolu","37"
"Le service Orange Money est indisponible depuis ce matin à Bafoussam, impossible de faire un retrait ni de consulter mon solde.","Panne / indisponibilité technique","service indisponible","2026-04-23","nouveau",""
"On m'a appelé en se faisant passer pour un agent MTN Mobile Money et j'ai reçu un message demandant mon code secret, j'ai peur qu'on ait vidé mon compte à Ebolowa.","Fraude / hameçonnage","SIM swap","2026-08-07","en_cours",""
"Ma transaction la banque de 354000 FCFA a échoué avec message d'erreur mais le montant a disparu de mon compte quand même. Je veux comprendre.","Transaction Mobile Money échouée","retrait agent refusé","2026-04-10","en_cours",""
"Mon compte MTN Mobile Money est bloqué depuis 13 jours après un contrôle, j'ai déjà envoyé ma pièce d'identité mais rien ne bouge. C'est urgent, j'ai besoin de mon argent.","Compte bloqué / KYC","pièce d'identité rejetée","2026-07-28","nouveau",""
"Depuis la mise à jour de mes informations mon compte est suspendu, je ne peux plus rien faire, ni retrait ni transfert.","Compte bloqué / KYC","blocage après contrôle","2026-06-28","resolu","8"
"Svp j'ai reçu 189000 FCFA sur mon compte la banque qui ne m'appartient pas, ce n'est pas pour moi, comment je peux le renvoyer à l'expéditeur ?","Erreur de destinataire","transfert vers tiers","2026-06-12","resolu","34"
"Bonjour, j'ai une question générale sur les nouveaux tarifs annoncés à Buea, pouvez-vous m'expliquer les changements ?","Autre / non catégorisé","","2026-06-25","resolu","18"
"Depuis le mois dernier je vois des frais mensuels sur mon compte que personne ne m'a jamais expliqués. Merci de clarifier ces prélèvements.","Frais non justifiés","frais cachés","2026-08-02","nouveau",""
"Depuis le mois dernier je vois des frais mensuels sur mon compte que personne ne m'a jamais expliqués. Merci de clarifier ces prélèvements.","Frais non justifiés","frais de retrait abusifs","2026-05-31","resolu","38"
"L'application a planté au moment où je validais mon transfert de 343000 FCFA, je ne sais pas si la transaction est passée ou non.","Panne / indisponibilité technique","service indisponible","2026-05-21","nouveau",""
"L'application a planté au moment où je validais mon transfert de 376000 FCFA, je ne sais pas si la transaction est passée ou non.","Panne / indisponibilité technique","service indisponible","2026-06-21","nouveau",""
"Le transfert que j'ai initié devait aller vers mon compte épargne mais je constate que c'est un autre compte qui a été crédité de 220000 F.","Erreur de destinataire","transfert vers tiers","2026-05-14","resolu","29"
"Bonjour, j'ai une question générale sur les nouveaux tarifs annoncés à Ngaoundéré, pouvez-vous m'expliquer les changements ?","Autre / non catégorisé","","2026-04-11","nouveau",""
"Depuis mon dépôt de dossier le 2026-07-03 je n'ai eu aucune nouvelle de votre service réclamations concernant mon dossier.","Délai de traitement excessif","réponse non reçue sous 45 jours","2026-07-03","resolu","36"
"Depuis la mise à jour de mes informations mon compte est suspendu, je ne peux plus rien faire, ni retrait ni transfert.","Compte bloqué / KYC","pièce d'identité rejetée","2026-06-18","en_cours",""
"Je voudrais suggérer que l'application Orange Money affiche l'historique sur une plus longue période, c'est difficile de retrouver une transaction ancienne.","Autre / non catégorisé","","2026-08-07","en_cours",""
"Depuis la mise à jour de mes informations mon compte est suspendu, je ne peux plus rien faire, ni retrait ni transfert.","Compte bloqué / KYC","pièce d'identité rejetée","2026-06-24","nouveau",""
"Je suis allé chez l'agent pour un dépôt de 218000 F, il a pris l'argent mais mon compte n'a jamais été crédité, il ne répond plus au téléphone.","Litige agent Mobile Money","agent insolvable","2026-05-02","en_retard","52"
"Bonjour, j'ai envoyé 328000 FCFA à mon frère via la banque depuis Yaoundé hier soir mais l'argent n'est jamais arrivé chez lui. Mon compte a été débité. Merci de vérifier.","Transaction Mobile Money échouée","transfert bloqué","2026-05-07","resolu","24"
"Je viens signaler que le transfert de 187000 F que j'ai fait ce matin est resté bloqué en attente depuis plus de 6h, le bénéficiaire n'a rien reçu.","Transaction Mobile Money échouée","transfert bloqué","2026-05-09","nouveau",""
"Svp j'ai voulu retirer 235000 FCFA chez l'agent la banque à Douala, la transaction a échoué mais mon solde a quand même baissé. Ça fait 2 jours j'attends.","Transaction Mobile Money échouée","transfert bloqué","2026-05-09","nouveau",""
"L'application a planté au moment où je validais mon transfert de 170000 FCFA, je ne sais pas si la transaction est passée ou non.","Panne / indisponibilité technique","appli plantée pendant transaction","2026-05-07","nouveau",""
"L'application a planté au moment où je validais mon transfert de 213000 FCFA, je ne sais pas si la transaction est passée ou non.","Panne / indisponibilité technique","service indisponible","2026-05-19","nouveau",""
"Depuis mon dépôt de dossier le 2026-05-02 je n'ai eu aucune nouvelle de votre service réclamations concernant mon dossier.","Délai de traitement excessif","réponse non reçue sous 45 jours","2026-05-02","nouveau",""
"Bonjour, j'ai envoyé 168000 FCFA à mon frère via la banque depuis Kribi hier soir mais l'argent n'est jamais arrivé chez lui. Mon compte a été débité. Merci de vérifier.","Transaction Mobile Money échouée","débit sans crédit","2026-05-09","en_cours",""
"Svp j'ai reçu 213000 FCFA sur mon compte MTN Mobile Money qui ne m'appartient pas, ce n'est pas pour moi, comment je peux le renvoyer à l'expéditeur ?","Erreur de destinataire","transfert vers tiers","2026-05-04","nouveau",""
"L'agent m'a demandé des frais supplémentaires non prévus pour un simple retrait, 1832 FCFA de plus que le tarif normal.","Litige agent Mobile Money","agent insolvable","2026-05-15","nouveau",""
"Bonjour, j'ai une question générale sur les nouveaux tarifs annoncés à Buea, pouvez-vous m'expliquer les changements ?","Autre / non catégorisé","","2026-05-29","resolu","41"
"Depuis mon dépôt de dossier le 2026-06-30 je n'ai eu aucune nouvelle de votre service réclamations concernant mon dossier.","Délai de traitement excessif","réponse non reçue sous 45 jours","2026-06-30","resolu","25"
"Cela fait 80 jours que j'attends une réponse finale à ma réclamation numéro précédente, c'est beaucoup trop long.","Délai de traitement excessif","réponse non reçue sous 45 jours","2026-04-26","nouveau",""
"J'ai fait une erreur en tapant le numéro et j'ai envoyé 280000 FCFA à une personne que je ne connais pas. Est-ce possible d'annuler ou récupérer ?","Erreur de destinataire","transfert vers tiers","2026-07-10","nouveau",""
"Quelqu'un a réussi à faire des transactions sur mon compte sans mon accord pour un total de 191000 F, je n'ai communiqué mon code à personne.","Fraude / hameçonnage","faux agent","2026-05-28","en_cours",""
"On m'a prélevé 442000 FCFA DEUX FOIS pour le même paiement de facture ce matin à Bamenda. Je veux le remboursement du deuxième débit svp.","Double débit / débit erroné","montant incorrect","2026-06-17","nouveau",""
"Pourquoi on m'a prélevé des frais de 262 FCFA que je ne comprends pas sur mon compte, aucune explication n'a été donnée.","Frais non justifiés","frais de retrait abusifs","2026-07-09","resolu","10"
"J'ai fait une erreur en tapant le numéro et j'ai envoyé 406000 FCFA à une personne que je ne connais pas. Est-ce possible d'annuler ou récupérer ?","Erreur de destinataire","mauvais numéro crédité","2026-08-09","en_retard","82"
"Svp j'ai reçu 231000 FCFA sur mon compte MTN Mobile Money qui ne m'appartient pas, ce n'est pas pour moi, comment je peux le renvoyer à l'expéditeur ?","Erreur de destinataire","transfert vers tiers","2026-03-25","nouveau",""
"Quelqu'un a réussi à faire des transactions sur mon compte sans mon accord pour un total de 227000 F, je n'ai communiqué mon code à personne.","Fraude / hameçonnage","faux agent","2026-04-30","en_cours",""
"Je voudrais suggérer que l'application MTN Mobile Money affiche l'historique sur une plus longue période, c'est difficile de retrouver une transaction ancienne.","Autre / non catégorisé","","2026-04-22","nouveau",""
"Depuis mon dépôt de dossier le 2026-06-25 je n'ai eu aucune nouvelle de votre service réclamations concernant mon dossier.","Délai de traitement excessif","réponse non reçue sous 45 jours","2026-06-25","en_cours",""
"Le transfert que j'ai initié devait aller vers mon compte épargne mais je constate que c'est un autre compte qui a été crédité de 42000 F.","Erreur de destinataire","transfert vers tiers","2026-04-10","resolu","8"
"Depuis le mois dernier je vois des frais mensuels sur mon compte que personne ne m'a jamais expliqués. Merci de clarifier ces prélèvements.","Frais non justifiés","frais de retrait abusifs","2026-06-05","nouveau",""
"Mon compte Orange Money est bloqué depuis 12 jours après un contrôle, j'ai déjà envoyé ma pièce d'identité mais rien ne bouge. C'est urgent, j'ai besoin de mon argent.","Compte bloqué / KYC","blocage après contrôle","2026-06-29","nouveau",""
"J'ai fait une réclamation il y a plus de deux mois pour mon transfert bloqué de 307000 FCFA et je n'ai toujours reçu aucune réponse.","Délai de traitement excessif","réponse non reçue sous 45 jours","2026-06-28","en_cours",""
"Je n'arrive pas à me connecter à mon compte en ligne depuis le changement de mot de passe, pouvez-vous m'aider ?","Autre / non catégorisé","","2026-07-17","en_cours",""
"Quelqu'un a réussi à faire des transactions sur mon compte sans mon accord pour un total de 236000 F, je n'ai communiqué mon code à personne.","Fraude / hameçonnage","code PIN compromis","2026-06-22","resolu","21"
"Bonjour, j'ai une question générale sur les nouveaux tarifs annoncés à Douala, pouvez-vous m'expliquer les changements ?","Autre / non catégorisé","","2026-04-14","resolu","12"
"Depuis mon dépôt de dossier le 2026-05-16 je n'ai eu aucune nouvelle de votre service réclamations concernant mon dossier.","Délai de traitement excessif","réponse non reçue sous 45 jours","2026-05-16","nouveau",""
"On m'a prélevé 313000 FCFA DEUX FOIS pour le même paiement de facture ce matin à Yaoundé. Je veux le remboursement du deuxième débit svp.","Double débit / débit erroné","double prélèvement","2026-04-08","nouveau",""
"Bonjour, j'ai fait un seul transfert de 240000 F mais je vois deux débits identiques sur mon relevé du 2026-04-02. C'est une erreur de votre système.","Double débit / débit erroné","double prélèvement","2026-04-02","en_cours",""
"Depuis le mois dernier je vois des frais mensuels sur mon compte que personne ne m'a jamais expliqués. Merci de clarifier ces prélèvements.","Frais non justifiés","frais de retrait abusifs","2026-06-14","resolu","1"
"Bonjour, j'ai envoyé 48000 FCFA à mon frère via MTN Mobile Money depuis Yaoundé hier soir mais l'argent n'est jamais arrivé chez lui. Mon compte a été débité. Merci de vérifier.","Transaction Mobile Money échouée","retrait agent refusé","2026-08-11","nouveau",""
"J'ai fait une erreur en tapant le numéro et j'ai envoyé 224000 FCFA à une personne que je ne connais pas. Est-ce possible d'annuler ou récupérer ?","Erreur de destinataire","mauvais numéro crédité","2026-05-31","en_cours",""
"USSD ne répond plus depuis hier, message ""service momentanément indisponible"" à chaque tentative de transaction.","Panne / indisponibilité technique","service indisponible","2026-07-17","en_retard","71"
"Bonjour, j'ai envoyé 432000 FCFA à mon frère via MTN Mobile Money depuis Kribi hier soir mais l'argent n'est jamais arrivé chez lui. Mon compte a été débité. Merci de vérifier.","Transaction Mobile Money échouée","transfert bloqué","2026-06-23","resolu","33"
"L'agent MTN Mobile Money à Maroua a refusé de me faire mon retrait de 310000 FCFA en disant qu'il n'a pas de liquide, alors que c'est marqué agent actif.","Litige agent Mobile Money","sur-facturation","2026-08-06","en_cours",""
"Bonjour, j'ai une question générale sur les nouveaux tarifs annoncés à Douala, pouvez-vous m'expliquer les changements ?","Autre / non catégorisé","","2026-03-21","resolu","6"
"L'application a planté au moment où je validais mon transfert de 32000 FCFA, je ne sais pas si la transaction est passée ou non.","Panne / indisponibilité technique","appli plantée pendant transaction","2026-08-16","en_cours",""
"Svp j'ai voulu retirer 159000 FCFA chez l'agent MTN Mobile Money à Ngaoundéré, la transaction a échoué mais mon solde a quand même baissé. Ça fait 2 jours j'attends.","Transaction Mobile Money échouée","débit sans crédit","2026-05-09","en_cours",""
"Depuis mon dépôt de dossier le 2026-06-26 je n'ai eu aucune nouvelle de votre service réclamations concernant mon dossier.","Délai de traitement excessif","réponse non reçue sous 45 jours","2026-06-26","nouveau",""
"L'application a planté au moment où je validais mon transfert de 358000 FCFA, je ne sais pas si la transaction est passée ou non.","Panne / indisponibilité technique","service indisponible","2026-05-30","nouveau",""
"Depuis la mise à jour de mes informations mon compte est suspendu, je ne peux plus rien faire, ni retrait ni transfert.","Compte bloqué / KYC","pièce d'identité rejetée","2026-04-01","nouveau",""
"L'application a planté au moment où je validais mon transfert de 187000 FCFA, je ne sais pas si la transaction est passée ou non.","Panne / indisponibilité technique","service indisponible","2026-05-13","en_cours",""
"Je suis allé chez l'agent pour un dépôt de 260000 F, il a pris l'argent mais mon compte n'a jamais été crédité, il ne répond plus au téléphone.","Litige agent Mobile Money","sur-facturation","2026-06-08","en_retard","53"
"Depuis la mise à jour de mes informations mon compte est suspendu, je ne peux plus rien faire, ni retrait ni transfert.","Compte bloqué / KYC","pièce d'identité rejetée","2026-05-16","en_retard","51"
"Je suis allé chez l'agent pour un dépôt de 372000 F, il a pris l'argent mais mon compte n'a jamais été crédité, il ne répond plus au téléphone.","Litige agent Mobile Money","agent insolvable","2026-08-02","nouveau",""
"On m'a appelé en se faisant passer pour un agent MTN Mobile Money et j'ai reçu un message demandant mon code secret, j'ai peur qu'on ait vidé mon compte à Yaoundé.","Fraude / hameçonnage","code PIN compromis","2026-05-24","resolu","15"
"Pourquoi on m'a prélevé des frais de 941 FCFA que je ne comprends pas sur mon compte, aucune explication n'a été donnée.","Frais non justifiés","frais de retrait abusifs","2026-05-15","nouveau",""
"Je voudrais suggérer que l'application Orange Money affiche l'historique sur une plus longue période, c'est difficile de retrouver une transaction ancienne.","Autre / non catégorisé","","2026-06-04","nouveau",""
"J'ai fait une erreur en tapant le numéro et j'ai envoyé 382000 FCFA à une personne que je ne connais pas. Est-ce possible d'annuler ou récupérer ?","Erreur de destinataire","transfert vers tiers","2026-07-11","nouveau",""
"Bonjour, j'ai une question générale sur les nouveaux tarifs annoncés à Ebolowa, pouvez-vous m'expliquer les changements ?","Autre / non catégorisé","","2026-07-21","resolu","29"
"Cela fait 47 jours que j'attends une réponse finale à ma réclamation numéro précédente, c'est beaucoup trop long.","Délai de traitement excessif","réponse non reçue sous 45 jours","2026-06-25","en_retard","47"
"J'ai déposé ma CNI pour vérification KYC mais on me dit que le document est refusé sans explication claire, mon compte reste bloqué à Dschang.","Compte bloqué / KYC","pièce d'identité rejetée","2026-03-29","resolu","17"